okres;typ_okresu;status;strony;rekordy_gazu;uwagi
2018 M1;miesieczny;pobrano;8;1;
2018 M2;miesieczny;pobrano;8;1;
2018 M3;miesieczny;pobrano;9;1;
2018 M4;miesieczny;pobrano;9;1;
2018 M5;miesieczny;pobrano;8;1;
2018 M6;miesieczny;pobrano;9;1;
2018 M7;miesieczny;pobrano;9;1;
2018 M8;miesieczny;pobrano;9;1;
2018 M9;miesieczny;pobrano;9;1;
2018 M10;miesieczny;pobrano;9;1;
2018 M11;miesieczny;pobrano;9;1;
2018 M12;miesieczny;pobrano;8;1;
2018;roczny;pobrano;16;1;
2019 M1;miesieczny;pobrano;8;1;
2019 M2;miesieczny;pobrano;9;1;
2019 M3;miesieczny;pobrano;9;1;
2019 M4;miesieczny;pobrano;9;1;
2019 M5;miesieczny;pobrano;9;1;
2019 M6;miesieczny;pobrano;9;1;
2019 M7;miesieczny;pobrano;9;1;
2019 M8;miesieczny;pobrano;9;1;
2019 M9;miesieczny;pobrano;9;1;
2019 M10;miesieczny;pobrano;9;1;
2019 M11;miesieczny;pobrano;9;1;
2019 M12;miesieczny;pobrano;9;1;
2019;roczny;pobrano;16;1;
2020 M1;miesieczny;pobrano;9;5;
2020 M2;miesieczny;pobrano;9;3;
2020 M3;miesieczny;pobrano;9;5;
2020 M4;miesieczny;pobrano;8;3;
2020 M5;miesieczny;pobrano;9;4;
2020 M6;miesieczny;pobrano;9;4;
2020 M7;miesieczny;pobrano;9;5;
2020 M8;miesieczny;pobrano;9;4;
2020 M9;miesieczny;pobrano;9;5;
2020 M10;miesieczny;pobrano;10;6;
2020 M11;miesieczny;pobrano;10;6;
2020 M12;miesieczny;pobrano;9;5;
2020;roczny;pobrano;17;9;
2021 M1;miesieczny;pobrano;9;5;
2021 M2;miesieczny;pobrano;10;6;
2021 M3;miesieczny;pobrano;10;6;
2021 M4;miesieczny;pobrano;10;6;
2021 M5;miesieczny;pobrano;10;6;
2021 M6;miesieczny;pobrano;10;5;
2021 M7;miesieczny;pobrano;10;6;
2021 M8;miesieczny;pobrano;10;5;
2021 M9;miesieczny;pobrano;10;5;
2021 M10;miesieczny;pobrano;10;5;
2021 M11;miesieczny;pobrano;10;6;
2021 M12;miesieczny;pobrano;10;6;
2021;roczny;pobrano;18;8;
2022 M1;miesieczny;pobrano;10;5;
2022 M2;miesieczny;pobrano;10;5;
2022 M3;miesieczny;pobrano;10;4;
2022 M4;miesieczny;pobrano;10;4;
2022 M5;miesieczny;pobrano;10;6;
2022 M6;miesieczny;pobrano;10;6;
2022 M7;miesieczny;pobrano;10;5;
2022 M8;miesieczny;pobrano;10;7;
2022 M9;miesieczny;pobrano;10;6;
2022 M10;miesieczny;pobrano;10;6;
2022 M11;miesieczny;pobrano;10;7;
2022 M12;miesieczny;pobrano;10;8;
2022;roczny;pobrano;18;12;
2023 M1;miesieczny;pobrano;10;5;
2023 M2;miesieczny;pobrano;10;5;
2023 M3;miesieczny;pobrano;11;8;
2023 M4;miesieczny;pobrano;10;6;
2023 M5;miesieczny;pobrano;10;5;
2023 M6;miesieczny;pobrano;10;6;
2023 M7;miesieczny;pobrano;10;6;
2023 M8;miesieczny;pobrano;10;7;
2023 M9;miesieczny;pobrano;10;10;
2023 M10;miesieczny;pobrano;11;7;
2023 M11;miesieczny;pobrano;11;4;
2023 M12;miesieczny;pobrano;10;4;
2023;roczny;pobrano;18;12;
2024 M1;miesieczny;pobrano;10;2;
2024 M2;miesieczny;pobrano;10;2;
2024 M3;miesieczny;pobrano;10;2;
2024 M4;miesieczny;pobrano;10;2;
2024 M5;miesieczny;pobrano;10;2;
2024 M6;miesieczny;pobrano;10;3;
2024 M7;miesieczny;pobrano;10;2;
2024 M8;miesieczny;pobrano;10;3;
2024 M9;miesieczny;pobrano;10;2;
2024 M10;miesieczny;pobrano;11;3;
2024 M11;miesieczny;pobrano;11;4;
2024 M12;miesieczny;pobrano;10;2;
2024;roczny;pobrano;18;5;
2025 M1;miesieczny;pobrano;10;3;
2025 M2;miesieczny;pobrano;10;6;
2025 M3;miesieczny;pobrano;11;4;
2025 M4;miesieczny;pobrano;11;5;
2025 M5;miesieczny;pobrano;10;5;
2025 M6;miesieczny;pobrano;10;6;
2025 M7;miesieczny;pobrano;10;5;
2025 M8;miesieczny;pobrano;10;6;
2025 M9;miesieczny;pobrano;11;5;
2025 M10;miesieczny;pobrano;11;5;
2025 M11;miesieczny;pobrano;11;3;
2025 M12;miesieczny;pobrano;11;4;
2025;roczny;pobrano;18;7;
2026 M1;miesieczny;pobrano;10;5;
2026 M2;miesieczny;pobrano;10;4;
2026 M3;miesieczny;pobrano;11;5;
2026 M4;miesieczny;pobrano;11;5;
2026 M5;miesieczny;pobrano;11;5;
2026 M6;miesieczny;pobrano;11;4;
2026 M7;miesieczny;pobrano;11;5;
2026 M8;miesieczny;brak_okresu_w_api;;;Brak danych w API. Nie oznacza to zerowego eksportu.
2026 M9;miesieczny;brak_okresu_w_api;;;Brak danych w API. Nie oznacza to zerowego eksportu.
